"Id","Date","UserId","WorkstationId","StartTime","EndTime","Observation","IsDeleted","IdUpdate","DateUpdate","DateCreated","Notified","Token"
bffe5f76-8cb6-499e-a003-d90916cc613a,2026-02-09,"05e7f592-9604-4c70-b832-499340d2fb32",,,,ABS,false,,,2026-03-08 19:20:15.496 -0500,false,"2026-02-09|ai|b7909c70"
"2afb0bdb-0a31-48d9-966a-98ebe8639fe0",2026-02-09,d08f0889-5284-4a28-ad99-babff24882a5,,,,ABS,false,,,2026-03-08 19:20:15.671 -0500,false,"2026-02-09|ai|b7909c70"
d41c706e-b7ce-4822-a98b-eb1490ac8284,2026-02-09,"2246e6c4-e5df-461b-adc4-2aa7bfcad207",b6da0392-4aa8-4bb8-b1d4-d5b2bd9985f6,"10:30:00","20:30:00",BT,false,,,2026-03-08 19:20:15.843 -0500,false,"2026-02-09|ai|b7909c70"
"134f46a6-5d83-476b-85e0-db53c7d30a9e",2026-02-09,f74e2632-1654-4419-a5d1-4e6f5bc75fc1,db28d092-6ab7-4dd0-a55c-670ce2e5af98,"14:00:00","23:30:00",C,false,,,2026-03-08 19:20:16.014 -0500,false,"2026-02-09|ai|b7909c70"
f5403f94-5fcd-4fdd-bea7-15dd06adeff6,2026-02-09,"3abbeaa6-d6a4-43c3-bb1c-0b57ae6b1bf2",db28d092-6ab7-4dd0-a55c-670ce2e5af98,"13:00:00","17:00:00",BT,false,,,2026-03-08 19:20:16.187 -0500,false,"2026-02-09|ai|b7909c70"
"2ec91805-a5e1-4254-a887-7c6095005a2e",2026-02-09,"3abbeaa6-d6a4-43c3-bb1c-0b57ae6b1bf2",db28d092-6ab7-4dd0-a55c-670ce2e5af98,"20:00:00","23:00:00",BT,false,,,2026-03-08 19:20:16.359 -0500,false,"2026-02-09|ai|b7909c70"
"2ab82e72-21e6-4b24-8f54-bc3602e44e0b",2026-02-09,d4263691-fd86-4106-ae36-bdfecf4f4e69,c4fcf133-e25f-4e19-80cb-b388c73f4555,"11:00:00","21:00:00",BT,false,,,2026-03-08 19:20:16.530 -0500,false,"2026-02-09|ai|b7909c70"
fda9f430-1d51-4e22-ad02-6a31d54bcb20,2026-02-09,"936f48d1-0213-46ea-a9b0-45ac180989fa","6a19bfd7-2a96-4a47-a726-8ae6459fec02","12:00:00","22:00:00",BT,false,,,2026-03-08 19:20:16.702 -0500,false,"2026-02-09|ai|b7909c70"
ba507ca3-fd91-4547-ad17-d567841501e9,2026-02-09,c47607eb-f74d-4495-9049-7fd8592eeede,"383c706e-d819-499a-a528-a24fb3d198e8","12:00:00","16:00:00",BT,false,,,2026-03-08 19:20:16.874 -0500,false,"2026-02-09|ai|b7909c70"
"853eeec8-0c78-4128-95b9-53370abdc71d",2026-02-09,c47607eb-f74d-4495-9049-7fd8592eeede,"383c706e-d819-499a-a528-a24fb3d198e8","20:00:00","23:30:00",C,false,,,2026-03-08 19:20:17.045 -0500,false,"2026-02-09|ai|b7909c70"
"24395c47-9247-4353-a310-8051ef3e7bff",2026-02-09,"99fc5460-5e2f-46bc-9b30-1de3b467cfae","6340cf89-ae26-4bcd-ba6f-7a2383a66875","16:00:00","23:59:00",C,false,,,2026-03-08 19:20:17.217 -0500,false,"2026-02-09|ai|b7909c70"
"0e021eab-9a51-439d-9979-a2105b3a2d26",2026-02-09,"516f3736-2b9a-4b7e-a960-d06682a07c8e",bc666a0d-186b-4664-ab99-eb9f32dfedc5,"10:00:00","13:00:00",C,false,,,2026-03-08 19:20:17.402 -0500,false,"2026-02-09|ai|b7909c70"
de819c75-4684-4fe9-9ead-120e7a21b884,2026-02-09,"4417c134-0863-4506-9783-21824854d748","384140d9-46c8-48e1-bc72-9d702c3f0572","11:00:00","21:00:00",BT,false,,,2026-03-08 19:20:17.573 -0500,false,"2026-02-09|ai|b7909c70"
"6a4ff127-03f8-44eb-b50f-b35acaa71669",2026-02-09,b97f1fe2-6e8d-4471-af52-f0fb4d5bc24d,"86c7725c-d178-4ad7-baba-d24943fd7e25","12:00:00","22:00:00",BT,false,,,2026-03-08 19:20:17.745 -0500,false,"2026-02-09|ai|b7909c70"
"27bc492a-cfae-4583-9fc9-0bc491e86757",2026-02-09,"4f273de7-7bb0-4f6f-845b-75e20de0efb6",d5ef224c-056f-486e-bda1-e9eae70b0aae,"13:00:00","16:00:00",BT,false,,,2026-03-08 19:20:17.917 -0500,false,"2026-02-09|ai|b7909c70"
"34900381-d7b2-4f85-9c70-ed4f35cfa3ad",2026-02-09,"4f273de7-7bb0-4f6f-845b-75e20de0efb6",d5ef224c-056f-486e-bda1-e9eae70b0aae,"20:00:00","23:59:00",C,false,,,2026-03-08 19:20:18.088 -0500,false,"2026-02-09|ai|b7909c70"
"1144f322-1a22-4926-ab6c-bfdb86c0aea1",2026-02-09,"2e1c161c-c3ef-4e9a-80d0-b2a286120178","18a09199-1887-4100-8f7f-033afad49d6d","10:30:00","11:00:00",C,false,,,2026-03-08 19:20:18.287 -0500,false,"2026-02-09|ai|b7909c70"
"9559d8ca-573d-44be-8cd6-ee1dc5ccf91e",2026-02-09,"2e1c161c-c3ef-4e9a-80d0-b2a286120178","6340cf89-ae26-4bcd-ba6f-7a2383a66875","11:00:00","16:00:00",BT,false,,,2026-03-08 19:20:18.459 -0500,false,"2026-02-09|ai|b7909c70"
cd672e0d-9e76-4778-bd36-7ae533458d06,2026-02-09,a66de94d-12d6-41d6-995f-680adb2f258b,"32944c91-5905-4a99-8c7b-484d84217f7f","12:30:00","22:30:00",BT,false,,,2026-03-08 19:20:18.630 -0500,false,"2026-02-09|ai|b7909c70"
b393e8c0-ce04-4b28-b2fa-8f68754c40e8,2026-02-09,cfb790cc-fd37-4c51-a81b-65caa1859020,"6340cf89-ae26-4bcd-ba6f-7a2383a66875","19:00:00","23:00:00",BT,false,,,2026-03-08 19:20:18.802 -0500,false,"2026-02-09|ai|b7909c70"
"17b10946-468e-4e57-9fe0-7edfb12138ab",2026-02-10,"05e7f592-9604-4c70-b832-499340d2fb32",,,,ABS,false,,,2026-03-08 19:20:18.974 -0500,false,"2026-02-09|ai|b7909c70"
b7a316a5-a6b9-4610-9d2f-d8f439992cd4,2026-02-10,d08f0889-5284-4a28-ad99-babff24882a5,,,,ABS,false,,,2026-03-08 19:20:19.145 -0500,false,"2026-02-09|ai|b7909c70"
aca2ff9a-b404-47a2-b47c-f53549fdce10,2026-02-10,"4417c134-0863-4506-9783-21824854d748",b6da0392-4aa8-4bb8-b1d4-d5b2bd9985f6,"10:30:00","20:30:00",BT,false,,,2026-03-08 19:20:19.316 -0500,false,"2026-02-09|ai|b7909c70"
e16a9d18-5144-4040-ae41-a6e7625ba14c,2026-02-10,"62bb4f0e-a08a-4ada-bd69-b9d86f672ebd",db28d092-6ab7-4dd0-a55c-670ce2e5af98,"14:00:00","17:00:00",BT,false,,,2026-03-08 19:20:19.487 -0500,false,"2026-02-09|ai|b7909c70"
aa55e8c7-b514-49be-a359-f9758c1403d9,2026-02-10,"62bb4f0e-a08a-4ada-bd69-b9d86f672ebd",db28d092-6ab7-4dd0-a55c-670ce2e5af98,"20:00:00","23:00:00",BT,false,,,2026-03-08 19:20:19.659 -0500,false,"2026-02-09|ai|b7909c70"
"16de8667-1803-4f0c-ba44-c857a34191fd",2026-02-10,"2e1c161c-c3ef-4e9a-80d0-b2a286120178",bc666a0d-186b-4664-ab99-eb9f32dfedc5,"10:00:00","13:00:00",C,false,,,2026-03-08 19:20:19.831 -0500,false,"2026-02-09|ai|b7909c70"
"6f48c0a7-ceec-44de-b20e-babd55a45f00",2026-02-10,"25154f46-7f5d-4d7d-b3b8-0127ba622a9c","384140d9-46c8-48e1-bc72-9d702c3f0572","11:00:00","21:00:00",BT,false,,,2026-03-08 19:20:20.002 -0500,false,"2026-02-09|ai|b7909c70"
"7968be28-6bd8-4a23-b532-90ea72ae33d2",2026-02-10,d4263691-fd86-4106-ae36-bdfecf4f4e69,c4fcf133-e25f-4e19-80cb-b388c73f4555,"11:00:00","21:00:00",BT,false,,,2026-03-08 19:20:20.173 -0500,false,"2026-02-09|ai|b7909c70"
aca8c400-6c62-480d-8a85-6385f266eff6,2026-02-10,"936f48d1-0213-46ea-a9b0-45ac180989fa","6a19bfd7-2a96-4a47-a726-8ae6459fec02","12:00:00","22:00:00",BT,false,,,2026-03-08 19:20:20.344 -0500,false,"2026-02-09|ai|b7909c70"
bf1189b1-6a23-4a9e-b0d4-707726774bc6,2026-02-10,c47607eb-f74d-4495-9049-7fd8592eeede,"383c706e-d819-499a-a528-a24fb3d198e8","12:00:00","16:00:00",BT,false,,,2026-03-08 19:20:20.516 -0500,false,"2026-02-09|ai|b7909c70"
e0121039-fc3d-427d-9e9c-75dee7fb8861,2026-02-10,c47607eb-f74d-4495-9049-7fd8592eeede,"383c706e-d819-499a-a528-a24fb3d198e8","20:00:00","23:30:00",C,false,,,2026-03-08 19:20:20.687 -0500,false,"2026-02-09|ai|b7909c70"
ce157ce8-4295-4ab5-bef1-ec81c3c88970,2026-02-10,"99fc5460-5e2f-46bc-9b30-1de3b467cfae","6340cf89-ae26-4bcd-ba6f-7a2383a66875","16:00:00","23:59:00",C,false,,,2026-03-08 19:20:20.858 -0500,false,"2026-02-09|ai|b7909c70"
b9b9fa8e-28b1-4f0a-991a-aa539e391dc1,2026-02-10,"50efcc09-71be-4f69-88e7-5633e66dacfe","86c7725c-d178-4ad7-baba-d24943fd7e25","12:00:00","22:00:00",BT,false,,,2026-03-08 19:20:21.030 -0500,false,"2026-02-09|ai|b7909c70"
"14d4a9b0-710b-41fa-91d9-15aa792fafa0",2026-02-10,c4142bae-2e1d-4787-a315-b56e712c6674,db28d092-6ab7-4dd0-a55c-670ce2e5af98,"14:00:00","17:00:00",BT,false,,,2026-03-08 19:20:21.202 -0500,false,"2026-02-09|ai|b7909c70"
d092a3f6-f8ae-458c-9fb5-dedae57f34fc,2026-02-10,"4f273de7-7bb0-4f6f-845b-75e20de0efb6",d5ef224c-056f-486e-bda1-e9eae70b0aae,"13:00:00","16:00:00",BT,false,,,2026-03-08 19:20:21.373 -0500,false,"2026-02-09|ai|b7909c70"
"04fa97b0-5549-4466-a104-37742a18fe5d",2026-02-10,"4f273de7-7bb0-4f6f-845b-75e20de0efb6",d5ef224c-056f-486e-bda1-e9eae70b0aae,"20:00:00","23:59:00",C,false,,,2026-03-08 19:20:21.545 -0500,false,"2026-02-09|ai|b7909c70"
e746804e-4b0e-4d3a-a9ff-ee714de9c124,2026-02-10,ba53e5c3-a59e-4e02-8dec-7c22e8993192,"6340cf89-ae26-4bcd-ba6f-7a2383a66875","11:00:00","16:00:00",BT,false,,,2026-03-08 19:20:21.717 -0500,false,"2026-02-09|ai|b7909c70"
"94dfcd0f-bd94-4098-9e02-eb40502644c9",2026-02-10,ba53e5c3-a59e-4e02-8dec-7c22e8993192,"6340cf89-ae26-4bcd-ba6f-7a2383a66875","19:00:00","23:00:00",BT,false,,,2026-03-08 19:20:21.888 -0500,false,"2026-02-09|ai|b7909c70"
"21026554-85eb-40c3-95c4-6288ec98293f",2026-02-10,a66de94d-12d6-41d6-995f-680adb2f258b,"32944c91-5905-4a99-8c7b-484d84217f7f","12:30:00","22:30:00",BT,false,,,2026-03-08 19:20:22.059 -0500,false,"2026-02-09|ai|b7909c70"
"53617088-5654-41e9-aecf-8f894166eb6b",2026-02-10,f74e2632-1654-4419-a5d1-4e6f5bc75fc1,db28d092-6ab7-4dd0-a55c-670ce2e5af98,"13:00:00","14:00:00",BT,false,,,2026-03-08 19:20:22.231 -0500,false,"2026-02-09|ai|b7909c70"
"4e8b26ee-49a5-4fd9-ae74-e471e7c0567f",2026-02-10,f74e2632-1654-4419-a5d1-4e6f5bc75fc1,db28d092-6ab7-4dd0-a55c-670ce2e5af98,"17:00:00","23:30:00",C,false,,,2026-03-08 19:20:22.422 -0500,false,"2026-02-09|ai|b7909c70"
"4f8a4ccd-c73d-4999-959a-542a577a7081",2026-02-11,"05e7f592-9604-4c70-b832-499340d2fb32",,,,ABS,false,,,2026-03-08 19:20:22.594 -0500,false,"2026-02-09|ai|b7909c70"
fbf3375e-25ac-4b06-b960-81d64d4f73c8,2026-02-11,d08f0889-5284-4a28-ad99-babff24882a5,,,,ABS,false,,,2026-03-08 19:20:22.765 -0500,false,"2026-02-09|ai|b7909c70"
"6cfd63e9-70d1-464e-8bfd-8ced4b315aee",2026-02-11,de2d73ee-1802-4681-ba00-44e4f9389c7c,b6da0392-4aa8-4bb8-b1d4-d5b2bd9985f6,"10:30:00","20:30:00",BT,false,,,2026-03-08 19:20:22.937 -0500,false,"2026-02-09|ai|b7909c70"
daba4c96-2958-424d-8485-b231957c55c0,2026-02-11,"62bb4f0e-a08a-4ada-bd69-b9d86f672ebd",db28d092-6ab7-4dd0-a55c-670ce2e5af98,"14:00:00","23:30:00",C,false,,,2026-03-08 19:20:23.108 -0500,false,"2026-02-09|ai|b7909c70"
a3c4e8b5-c958-4966-8ffc-37e8c45be3c8,2026-02-11,f74e2632-1654-4419-a5d1-4e6f5bc75fc1,db28d092-6ab7-4dd0-a55c-670ce2e5af98,"13:00:00","17:00:00",BT,false,,,2026-03-08 19:20:23.307 -0500,false,"2026-02-09|ai|b7909c70"
"3b06e61a-7e27-4c1c-95ad-7ddc56cf4297",2026-02-11,f74e2632-1654-4419-a5d1-4e6f5bc75fc1,db28d092-6ab7-4dd0-a55c-670ce2e5af98,"20:00:00","23:00:00",BT,false,,,2026-03-08 19:20:23.478 -0500,false,"2026-02-09|ai|b7909c70"
e36cc341-17b3-4892-a162-86d9a1e04a1d,2026-02-11,"2e1c161c-c3ef-4e9a-80d0-b2a286120178",bc666a0d-186b-4664-ab99-eb9f32dfedc5,"10:00:00","13:00:00",C,false,,,2026-03-08 19:20:23.649 -0500,false,"2026-02-09|ai|b7909c70"
"5ffb0956-5918-44bc-bde7-3bf7c1613226",2026-02-11,c47607eb-f74d-4495-9049-7fd8592eeede,"383c706e-d819-499a-a528-a24fb3d198e8","20:00:00","23:30:00",C,false,,,2026-03-08 19:20:23.820 -0500,false,"2026-02-09|ai|b7909c70"
"99a021e1-2adf-4ea4-8463-217dfe9e5292",2026-02-11,"4417c134-0863-4506-9783-21824854d748","384140d9-46c8-48e1-bc72-9d702c3f0572","11:00:00","21:00:00",BT,false,,,2026-03-08 19:20:23.992 -0500,false,"2026-02-09|ai|b7909c70"
"41475b1e-267e-4bf8-b133-a9fb12e11907",2026-02-11,e15fef2e-0564-45aa-b784-b47f47290620,c4fcf133-e25f-4e19-80cb-b388c73f4555,"11:00:00","21:00:00",BT,false,,,2026-03-08 19:20:24.165 -0500,false,"2026-02-09|ai|b7909c70"
a7aba6bc-1786-47ae-a9ab-7b8eeb92c8f3,2026-02-11,b97f1fe2-6e8d-4471-af52-f0fb4d5bc24d,"86c7725c-d178-4ad7-baba-d24943fd7e25","12:00:00","22:00:00",BT,false,,,2026-03-08 19:20:24.336 -0500,false,"2026-02-09|ai|b7909c70"
c52dc7de-b535-49b0-91b9-21353da4835b,2026-02-11,"936f48d1-0213-46ea-a9b0-45ac180989fa","6a19bfd7-2a96-4a47-a726-8ae6459fec02","12:00:00","22:00:00",BT,false,,,2026-03-08 19:20:24.508 -0500,false,"2026-02-09|ai|b7909c70"
d1df9d8d-e91d-4d25-bfef-b0be357509ff,2026-02-11,ba53e5c3-a59e-4e02-8dec-7c22e8993192,"6340cf89-ae26-4bcd-ba6f-7a2383a66875","19:00:00","23:59:00",C,false,,,2026-03-08 19:20:24.680 -0500,false,"2026-02-09|ai|b7909c70"
a2372987-108a-47e2-902b-8e8035ce4e28,2026-02-11,"753bcae8-c45d-4b33-af5a-0571a64bc50a","383c706e-d819-499a-a528-a24fb3d198e8","12:00:00","16:00:00",BT,false,,,2026-03-08 19:20:24.851 -0500,false,"2026-02-09|ai|b7909c70"
b70d8e90-68ae-47e1-98e9-e3fe59e67132,2026-02-11,"33374754-520b-41b4-8b57-ba007a091706","6340cf89-ae26-4bcd-ba6f-7a2383a66875","14:00:00","19:00:00",BT,false,,,2026-03-08 19:20:25.022 -0500,false,"2026-02-09|ai|b7909c70"
c38b829a-6b0f-43e9-aca3-1d06ea98eae5,2026-02-11,"1352e607-eaeb-4c14-849f-7b376996e48d",d5ef224c-056f-486e-bda1-e9eae70b0aae,"13:00:00","16:00:00",BT,false,,,2026-03-08 19:20:25.194 -0500,false,"2026-02-09|ai|b7909c70"
cae0f948-7040-47d4-83d6-43f8d74d338f,2026-02-11,"1352e607-eaeb-4c14-849f-7b376996e48d",d5ef224c-056f-486e-bda1-e9eae70b0aae,"20:00:00","23:59:00",C,false,,,2026-03-08 19:20:25.365 -0500,false,"2026-02-09|ai|b7909c70"
"4631e2b3-4b6b-4831-91a0-6e0b0ebeda91",2026-02-11,"35f96abe-a13d-4e95-9b36-c043b1ccbe61","18a09199-1887-4100-8f7f-033afad49d6d","10:30:00","11:00:00",C,false,,,2026-03-08 19:20:25.537 -0500,false,"2026-02-09|ai|b7909c70"
"16f83c12-2a4d-417a-86af-1de764dc3b04",2026-02-11,"35f96abe-a13d-4e95-9b36-c043b1ccbe61","6340cf89-ae26-4bcd-ba6f-7a2383a66875","11:00:00","16:00:00",BT,false,,,2026-03-08 19:20:25.708 -0500,false,"2026-02-09|ai|b7909c70"
"86b5d63a-34d4-4454-b7bc-4e6938ef145b",2026-02-11,"46de38e9-f9be-49ed-8d0d-5f9b0cb1031e","6340cf89-ae26-4bcd-ba6f-7a2383a66875","19:00:00","23:00:00",BT,false,,,2026-03-08 19:20:25.879 -0500,false,"2026-02-09|ai|b7909c70"
"611171e3-236b-4497-9571-38815f52f475",2026-02-11,a66de94d-12d6-41d6-995f-680adb2f258b,"32944c91-5905-4a99-8c7b-484d84217f7f","12:30:00","22:30:00",BT,false,,,2026-03-08 19:20:26.051 -0500,false,"2026-02-09|ai|b7909c70"
e7265878-2381-4d9a-ab37-ac8969b7c3cc,2026-02-12,"05e7f592-9604-4c70-b832-499340d2fb32",,,,ABS,false,,,2026-03-08 19:20:26.222 -0500,false,"2026-02-09|ai|b7909c70"
cc44fa75-3295-423e-b61e-92a0eaa039ae,2026-02-12,d08f0889-5284-4a28-ad99-babff24882a5,,,,ABS,false,,,2026-03-08 19:20:26.393 -0500,false,"2026-02-09|ai|b7909c70"
"162de59b-a037-45c9-8d04-30e23cfff3db",2026-02-12,"4417c134-0863-4506-9783-21824854d748",b6da0392-4aa8-4bb8-b1d4-d5b2bd9985f6,"10:30:00","20:30:00",BT,false,,,2026-03-08 19:20:26.565 -0500,false,"2026-02-09|ai|b7909c70"
"55764127-5530-46c9-b1a4-234070137342",2026-02-12,"62bb4f0e-a08a-4ada-bd69-b9d86f672ebd",db28d092-6ab7-4dd0-a55c-670ce2e5af98,"14:00:00","23:30:00",C,false,,,2026-03-08 19:20:26.737 -0500,false,"2026-02-09|ai|b7909c70"
"44e3e857-f8a3-426c-ab5d-068ea157170f",2026-02-12,c4142bae-2e1d-4787-a315-b56e712c6674,db28d092-6ab7-4dd0-a55c-670ce2e5af98,"13:00:00","17:00:00",BT,false,,,2026-03-08 19:20:26.909 -0500,false,"2026-02-09|ai|b7909c70"
"2e2a38be-bdd4-4113-a171-5821ba307c16",2026-02-12,c4142bae-2e1d-4787-a315-b56e712c6674,db28d092-6ab7-4dd0-a55c-670ce2e5af98,"20:00:00","23:00:00",BT,false,,,2026-03-08 19:20:27.080 -0500,false,"2026-02-09|ai|b7909c70"
ba81f165-3715-4002-86d8-c62c847028db,2026-02-12,c47607eb-f74d-4495-9049-7fd8592eeede,"383c706e-d819-499a-a528-a24fb3d198e8","12:00:00","16:00:00",BT,false,,,2026-03-08 19:20:27.252 -0500,false,"2026-02-09|ai|b7909c70"
"487ddd2e-d0a3-4756-b78c-5ea36ad201d7",2026-02-12,c47607eb-f74d-4495-9049-7fd8592eeede,"383c706e-d819-499a-a528-a24fb3d198e8","20:00:00","23:30:00",C,false,,,2026-03-08 19:20:27.443 -0500,false,"2026-02-09|ai|b7909c70"
f9d3fe25-9d45-4495-8546-8ba3b281eafc,2026-02-12,"516f3736-2b9a-4b7e-a960-d06682a07c8e",bc666a0d-186b-4664-ab99-eb9f32dfedc5,"10:00:00","13:00:00",C,false,,,2026-03-08 19:20:27.614 -0500,false,"2026-02-09|ai|b7909c70"
"5e593516-f967-4d43-ad18-6c7004963da0",2026-02-12,a3dad23b-d7ac-43ab-96e0-403da689c238,"384140d9-46c8-48e1-bc72-9d702c3f0572","11:00:00","21:00:00",BT,false,,,2026-03-08 19:20:27.786 -0500,false,"2026-02-09|ai|b7909c70"
d8d40a44-5898-4e93-9047-bddc7fd3d9c1,2026-02-12,e15fef2e-0564-45aa-b784-b47f47290620,"6a19bfd7-2a96-4a47-a726-8ae6459fec02","12:00:00","22:00:00",BT,false,,,2026-03-08 19:20:27.957 -0500,false,"2026-02-09|ai|b7909c70"
dcd4f4af-b4d9-44b9-8a71-24a68564322f,2026-02-12,d4263691-fd86-4106-ae36-bdfecf4f4e69,c4fcf133-e25f-4e19-80cb-b388c73f4555,"11:00:00","21:00:00",BT,false,,,2026-03-08 19:20:28.129 -0500,false,"2026-02-09|ai|b7909c70"
"55cc9c73-a20c-4083-a2f3-55ae4087c1e2",2026-02-12,"50efcc09-71be-4f69-88e7-5633e66dacfe","86c7725c-d178-4ad7-baba-d24943fd7e25","12:00:00","22:00:00",BT,false,,,2026-03-08 19:20:28.327 -0500,false,"2026-02-09|ai|b7909c70"
"522d4a7c-d056-4a58-b13d-b9e0a80d8282",2026-02-12,ba53e5c3-a59e-4e02-8dec-7c22e8993192,"6340cf89-ae26-4bcd-ba6f-7a2383a66875","14:00:00","23:59:00",C,false,,,2026-03-08 19:20:28.499 -0500,false,"2026-02-09|ai|b7909c70"
"4ff87c2d-eaa6-4abb-851e-9d48d440a1bb",2026-02-12,"1352e607-eaeb-4c14-849f-7b376996e48d",d5ef224c-056f-486e-bda1-e9eae70b0aae,"13:00:00","16:00:00",BT,false,,,2026-03-08 19:20:28.670 -0500,false,"2026-02-09|ai|b7909c70"
a2dc012b-0b05-47f3-8300-df03fe1256fa,2026-02-12,"1352e607-eaeb-4c14-849f-7b376996e48d",d5ef224c-056f-486e-bda1-e9eae70b0aae,"20:00:00","23:59:00",C,false,,,2026-03-08 19:20:28.842 -0500,false,"2026-02-09|ai|b7909c70"
"3c68f352-f508-4d77-b16f-48422ca9c256",2026-02-12,"33374754-520b-41b4-8b57-ba007a091706","6340cf89-ae26-4bcd-ba6f-7a2383a66875","11:00:00","16:00:00",BT,false,,,2026-03-08 19:20:29.013 -0500,false,"2026-02-09|ai|b7909c70"
e3266bdc-591f-441d-b8ec-6f5ed1959f7c,2026-02-12,"46de38e9-f9be-49ed-8d0d-5f9b0cb1031e","6340cf89-ae26-4bcd-ba6f-7a2383a66875","19:00:00","23:00:00",BT,false,,,2026-03-08 19:20:29.184 -0500,false,"2026-02-09|ai|b7909c70"
bfe1b821-6d4c-4bba-a678-c663dc6df2c5,2026-02-12,a66de94d-12d6-41d6-995f-680adb2f258b,"32944c91-5905-4a99-8c7b-484d84217f7f","12:30:00","22:30:00",BT,false,,,2026-03-08 19:20:29.356 -0500,false,"2026-02-09|ai|b7909c70"
"1089ef78-da30-4b2c-be87-eedb2b32a24a",2026-02-13,"05e7f592-9604-4c70-b832-499340d2fb32",,,,ABS,false,,,2026-03-08 19:20:29.527 -0500,false,"2026-02-09|ai|b7909c70"
"4392fa7b-8f0c-4545-a338-a7fd6703bc7a",2026-02-13,d08f0889-5284-4a28-ad99-babff24882a5,,,,ABS,false,,,2026-03-08 19:20:29.698 -0500,false,"2026-02-09|ai|b7909c70"
"664751b5-6d19-46f8-a8bc-bd9e334bc2ec",2026-02-13,"2246e6c4-e5df-461b-adc4-2aa7bfcad207",b6da0392-4aa8-4bb8-b1d4-d5b2bd9985f6,"10:30:00","20:30:00",BT,false,,,2026-03-08 19:20:29.870 -0500,false,"2026-02-09|ai|b7909c70"
b43b6a89-e826-48e0-86c1-f8f6434fc070,2026-02-13,"62bb4f0e-a08a-4ada-bd69-b9d86f672ebd",db28d092-6ab7-4dd0-a55c-670ce2e5af98,"14:00:00","23:30:00",C,false,,,2026-03-08 19:20:30.041 -0500,false,"2026-02-09|ai|b7909c70"
b183346c-aa07-4ae3-a9ab-b19f5da1208d,2026-02-13,"3abbeaa6-d6a4-43c3-bb1c-0b57ae6b1bf2",db28d092-6ab7-4dd0-a55c-670ce2e5af98,"13:00:00","17:00:00",BT,false,,,2026-03-08 19:20:30.214 -0500,false,"2026-02-09|ai|b7909c70"
af4cbe46-0423-4547-86e2-c30905e42417,2026-02-13,"3abbeaa6-d6a4-43c3-bb1c-0b57ae6b1bf2",db28d092-6ab7-4dd0-a55c-670ce2e5af98,"20:00:00","23:00:00",BT,false,,,2026-03-08 19:20:30.386 -0500,false,"2026-02-09|ai|b7909c70"
b50df76f-c85b-40ca-a675-068faba01d11,2026-02-13,"516f3736-2b9a-4b7e-a960-d06682a07c8e",bc666a0d-186b-4664-ab99-eb9f32dfedc5,"10:00:00","13:00:00",C,false,,,2026-03-08 19:20:30.557 -0500,false,"2026-02-09|ai|b7909c70"
"739cd13b-e140-4814-81a3-8e24f7f375cd",2026-02-13,b97f1fe2-6e8d-4471-af52-f0fb4d5bc24d,"86c7725c-d178-4ad7-baba-d24943fd7e25","12:00:00","22:00:00",BT,false,,,2026-03-08 19:20:30.729 -0500,false,"2026-02-09|ai|b7909c70"
"40e5eb3f-977a-4f08-b2a9-ccdaacc68c70",2026-02-13,"753bcae8-c45d-4b33-af5a-0571a64bc50a","383c706e-d819-499a-a528-a24fb3d198e8","12:00:00","16:00:00",BT,false,,,2026-03-08 19:20:30.900 -0500,false,"2026-02-09|ai|b7909c70"
"0f2a4514-2ad2-4cf2-b516-d51734f47c58",2026-02-13,"753bcae8-c45d-4b33-af5a-0571a64bc50a","383c706e-d819-499a-a528-a24fb3d198e8","20:00:00","23:30:00",C,false,,,2026-03-08 19:20:31.072 -0500,false,"2026-02-09|ai|b7909c70"
"79bb4be9-5a41-4097-ada7-ada01308f2e8",2026-02-13,"4417c134-0863-4506-9783-21824854d748","384140d9-46c8-48e1-bc72-9d702c3f0572","11:00:00","21:00:00",BT,false,,,2026-03-08 19:20:31.243 -0500,false,"2026-02-09|ai|b7909c70"
f9a4da90-2432-4fe2-a98a-f4aad7163e83,2026-02-13,e15fef2e-0564-45aa-b784-b47f47290620,c4fcf133-e25f-4e19-80cb-b388c73f4555,"11:00:00","21:00:00",BT,false,,,2026-03-08 19:20:31.414 -0500,false,"2026-02-09|ai|b7909c70"
"3b31c063-8e05-4422-9c83-b8edfd2dea00",2026-02-13,d4263691-fd86-4106-ae36-bdfecf4f4e69,"6a19bfd7-2a96-4a47-a726-8ae6459fec02","12:00:00","22:00:00",BT,false,,,2026-03-08 19:20:31.586 -0500,false,"2026-02-09|ai|b7909c70"
"4ac70ba2-1b20-4c84-aba3-6c518b331579",2026-02-13,"99fc5460-5e2f-46bc-9b30-1de3b467cfae","6340cf89-ae26-4bcd-ba6f-7a2383a66875","16:00:00","23:59:00",C,false,,,2026-03-08 19:20:31.757 -0500,false,"2026-02-09|ai|b7909c70"
"4e32c8ac-6480-4cbf-ba43-9820e2f2cc68",2026-02-13,"1352e607-eaeb-4c14-849f-7b376996e48d",d5ef224c-056f-486e-bda1-e9eae70b0aae,"13:00:00","16:00:00",BT,false,,,2026-03-08 19:20:31.928 -0500,false,"2026-02-09|ai|b7909c70"
a2b4f15f-682c-45af-af81-a36cc8c5267e,2026-02-13,"1352e607-eaeb-4c14-849f-7b376996e48d",d5ef224c-056f-486e-bda1-e9eae70b0aae,"20:00:00","23:59:00",C,false,,,2026-03-08 19:20:32.099 -0500,false,"2026-02-09|ai|b7909c70"
"4f097379-29f1-40aa-9fc0-18700d56a204",2026-02-13,"33374754-520b-41b4-8b57-ba007a091706","6340cf89-ae26-4bcd-ba6f-7a2383a66875","11:00:00","16:00:00",BT,false,,,2026-03-08 19:20:32.270 -0500,false,"2026-02-09|ai|b7909c70"
"05f8b199-aed4-49fd-b047-a9cec3319f43",2026-02-13,"46de38e9-f9be-49ed-8d0d-5f9b0cb1031e","6340cf89-ae26-4bcd-ba6f-7a2383a66875","14:00:00","16:00:00",BT,false,,,2026-03-08 19:20:32.463 -0500,false,"2026-02-09|ai|b7909c70"
"23abab01-48f4-4a25-a864-105a14215434",2026-02-13,"46de38e9-f9be-49ed-8d0d-5f9b0cb1031e","6340cf89-ae26-4bcd-ba6f-7a2383a66875","19:00:00","23:00:00",BT,false,,,2026-03-08 19:20:32.634 -0500,false,"2026-02-09|ai|b7909c70"
"7f1955e2-fdbc-493d-8c0b-c60328f26553",2026-02-13,a66de94d-12d6-41d6-995f-680adb2f258b,"32944c91-5905-4a99-8c7b-484d84217f7f","12:30:00","22:30:00",BT,false,,,2026-03-08 19:20:32.805 -0500,false,"2026-02-09|ai|b7909c70"
"6c3c4e68-07f8-4d42-8bb7-2e8c5dab742c",2026-02-14,"05e7f592-9604-4c70-b832-499340d2fb32",,,,ABS,false,,,2026-03-08 19:20:32.977 -0500,false,"2026-02-09|ai|b7909c70"
"123a5453-2f5d-452d-9e4d-1664236464d9",2026-02-14,d08f0889-5284-4a28-ad99-babff24882a5,,,,ABS,false,,,2026-03-08 19:20:33.148 -0500,false,"2026-02-09|ai|b7909c70"
"82073fff-467c-4f47-832b-53c76d68b64a",2026-02-14,"62bb4f0e-a08a-4ada-bd69-b9d86f672ebd",db28d092-6ab7-4dd0-a55c-670ce2e5af98,"19:30:00","23:59:00",C,false,,,2026-03-08 19:20:33.348 -0500,false,"2026-02-09|ai|b7909c70"
"5cd56763-0d74-4caa-8091-d0410f4304a1",2026-02-14,f74e2632-1654-4419-a5d1-4e6f5bc75fc1,db28d092-6ab7-4dd0-a55c-670ce2e5af98,"20:00:00","23:30:00",BT,false,,,2026-03-08 19:20:33.519 -0500,false,"2026-02-09|ai|b7909c70"
c2a5b870-632b-4f6f-a7f4-e5950d23a7ef,2026-02-14,"3abbeaa6-d6a4-43c3-bb1c-0b57ae6b1bf2",db28d092-6ab7-4dd0-a55c-670ce2e5af98,"14:00:00","17:00:00",BT,false,,,2026-03-08 19:20:33.690 -0500,false,"2026-02-09|ai|b7909c70"
"3f0fee8b-4144-4f3a-80db-96184e747332",2026-02-14,"3abbeaa6-d6a4-43c3-bb1c-0b57ae6b1bf2",db28d092-6ab7-4dd0-a55c-670ce2e5af98,"20:00:00","23:00:00",BT,false,,,2026-03-08 19:20:33.862 -0500,false,"2026-02-09|ai|b7909c70"
"7675a0e7-46bd-4d5b-a797-a570f2d718ed",2026-02-14,"516f3736-2b9a-4b7e-a960-d06682a07c8e",bc666a0d-186b-4664-ab99-eb9f32dfedc5,"10:00:00","13:00:00",C,false,,,2026-03-08 19:20:34.034 -0500,false,"2026-02-09|ai|b7909c70"
fdcbe58e-8c1b-47f3-805a-f30226eeb40f,2026-02-14,"50efcc09-71be-4f69-88e7-5633e66dacfe","86c7725c-d178-4ad7-baba-d24943fd7e25","12:00:00","22:00:00",BT,false,,,2026-03-08 19:20:34.205 -0500,false,"2026-02-09|ai|b7909c70"
cc500676-473b-49be-a453-e39636e0bb7f,2026-02-14,"009c548c-193b-4481-bb34-e6c4399bfcdc",db28d092-6ab7-4dd0-a55c-670ce2e5af98,"13:00:00","20:00:00",BT,false,,,2026-03-08 19:20:34.376 -0500,false,"2026-02-09|ai|b7909c70"
"47c10931-10b8-4060-bc42-3335b91c4de1",2026-02-14,e15fef2e-0564-45aa-b784-b47f47290620,c4fcf133-e25f-4e19-80cb-b388c73f4555,"11:00:00","21:00:00",BT,false,,,2026-03-08 19:20:34.547 -0500,false,"2026-02-09|ai|b7909c70"
"6b0d4ac5-c19b-4d3a-92eb-5e8082356e8b",2026-02-14,"99fc5460-5e2f-46bc-9b30-1de3b467cfae","6340cf89-ae26-4bcd-ba6f-7a2383a66875","12:00:00","16:00:00",BT,false,,,2026-03-08 19:20:34.718 -0500,false,"2026-02-09|ai|b7909c70"
"3a4c6644-bbb0-412a-b961-a266c6770d4c",2026-02-14,"99fc5460-5e2f-46bc-9b30-1de3b467cfae","6340cf89-ae26-4bcd-ba6f-7a2383a66875","20:00:00","23:59:00",C,false,,,2026-03-08 19:20:34.890 -0500,false,"2026-02-09|ai|b7909c70"
"9ddcff94-fba5-43ac-9cd5-b31a99ae7a2b",2026-02-14,"33374754-520b-41b4-8b57-ba007a091706","6340cf89-ae26-4bcd-ba6f-7a2383a66875","11:00:00","16:00:00",BT,false,,,2026-03-08 19:20:35.060 -0500,false,"2026-02-09|ai|b7909c70"
"87e9a145-559f-478b-80c3-6a1ecceb5fe7",2026-02-14,"33374754-520b-41b4-8b57-ba007a091706","6340cf89-ae26-4bcd-ba6f-7a2383a66875","19:00:00","23:00:00",BT,false,,,2026-03-08 19:20:35.231 -0500,false,"2026-02-09|ai|b7909c70"
f7b36bf8-393a-44ea-8019-b12597211bf1,2026-02-14,d4263691-fd86-4106-ae36-bdfecf4f4e69,"6340cf89-ae26-4bcd-ba6f-7a2383a66875","20:00:00","23:59:00",C,false,,,2026-03-08 19:20:35.403 -0500,false,"2026-02-09|ai|b7909c70"
"9a5f08a1-1844-41b9-9787-9b0b71ebe411",2026-02-14,b4849caf-ae46-4261-a3d5-15bbe53c0cd0,"6a19bfd7-2a96-4a47-a726-8ae6459fec02","12:00:00","22:00:00",BT,false,,,2026-03-08 19:20:35.574 -0500,false,"2026-02-09|ai|b7909c70"
"0baa8db1-ad9b-4b7a-a7ea-190963a1646c",2026-02-14,"1352e607-eaeb-4c14-849f-7b376996e48d",d5ef224c-056f-486e-bda1-e9eae70b0aae,"20:00:00","23:59:00",C,false,,,2026-03-08 19:20:35.746 -0500,false,"2026-02-09|ai|b7909c70"
"948dcc79-4595-46c3-a21d-7997ea5ccf37",2026-02-14,"936f48d1-0213-46ea-a9b0-45ac180989fa",d5ef224c-056f-486e-bda1-e9eae70b0aae,"12:00:00","16:00:00",BT,false,,,2026-03-08 19:20:35.918 -0500,false,"2026-02-09|ai|b7909c70"
ecf2823a-2946-4404-a062-3c9c85f365ad,2026-02-14,"936f48d1-0213-46ea-a9b0-45ac180989fa",d5ef224c-056f-486e-bda1-e9eae70b0aae,"20:00:00","23:59:00",C,false,,,2026-03-08 19:20:36.089 -0500,false,"2026-02-09|ai|b7909c70"
"5a1eeb73-36c2-4adf-9913-834ab0e6ab47",2026-02-14,"46de38e9-f9be-49ed-8d0d-5f9b0cb1031e","6340cf89-ae26-4bcd-ba6f-7a2383a66875","14:00:00","20:00:00",BT,false,,,2026-03-08 19:20:36.260 -0500,false,"2026-02-09|ai|b7909c70"
d3176f09-e505-4bd7-8aa2-9df93e52b08a,2026-02-14,"516f3736-2b9a-4b7e-a960-d06682a07c8e",d5ef224c-056f-486e-bda1-e9eae70b0aae,"13:00:00","18:00:00",BT,false,,,2026-03-08 19:20:36.431 -0500,false,"2026-02-09|ai|b7909c70"
d3603869-0bb0-4c97-87e1-98d66ddeb007,2026-02-15,"05e7f592-9604-4c70-b832-499340d2fb32",,,,ABS,false,,,2026-03-08 19:20:36.604 -0500,false,"2026-02-09|ai|b7909c70"
"441322ff-16ee-4a45-984a-0b58cf0808c7",2026-02-15,d08f0889-5284-4a28-ad99-babff24882a5,,,,ABS,false,,,2026-03-08 19:20:36.775 -0500,false,"2026-02-09|ai|b7909c70"
d74c1db1-0658-494f-80a8-1c19ffe52242,2026-02-15,f74e2632-1654-4419-a5d1-4e6f5bc75fc1,db28d092-6ab7-4dd0-a55c-670ce2e5af98,"13:00:00","17:00:00",BT,false,,,2026-03-08 19:20:36.946 -0500,false,"2026-02-09|ai|b7909c70"
afb00a29-29c7-4b1e-bafb-6093eb37a989,2026-02-15,f74e2632-1654-4419-a5d1-4e6f5bc75fc1,db28d092-6ab7-4dd0-a55c-670ce2e5af98,"20:00:00","23:59:00",C,false,,,2026-03-08 19:20:37.121 -0500,false,"2026-02-09|ai|b7909c70"
"1f2dab99-a4e3-4e26-b6de-675620b85bd4",2026-02-15,"3abbeaa6-d6a4-43c3-bb1c-0b57ae6b1bf2",db28d092-6ab7-4dd0-a55c-670ce2e5af98,"19:30:00","23:00:00",BT,false,,,2026-03-08 19:20:37.293 -0500,false,"2026-02-09|ai|b7909c70"
"3e7aca56-2bcc-4f5f-b376-bfe8003e0487",2026-02-15,"009c548c-193b-4481-bb34-e6c4399bfcdc",db28d092-6ab7-4dd0-a55c-670ce2e5af98,"14:00:00","17:00:00",BT,false,,,2026-03-08 19:20:37.483 -0500,false,"2026-02-09|ai|b7909c70"
"3f8cc2b0-23ed-48b3-8b52-1668807f6990",2026-02-15,"009c548c-193b-4481-bb34-e6c4399bfcdc",db28d092-6ab7-4dd0-a55c-670ce2e5af98,"20:00:00","23:30:00",BT,false,,,2026-03-08 19:20:37.654 -0500,false,"2026-02-09|ai|b7909c70"
d3155364-760c-4900-9921-0f66ce8c06f6,2026-02-15,c4142bae-2e1d-4787-a315-b56e712c6674,db28d092-6ab7-4dd0-a55c-670ce2e5af98,"17:00:00","20:00:00",BT,false,,,2026-03-08 19:20:37.825 -0500,false,"2026-02-09|ai|b7909c70"
"3a058b31-5392-4245-b1c7-6f13fd5999ed",2026-02-15,"516f3736-2b9a-4b7e-a960-d06682a07c8e",bc666a0d-186b-4664-ab99-eb9f32dfedc5,"10:00:00","13:00:00",C,false,,,2026-03-08 19:20:37.996 -0500,false,"2026-02-09|ai|b7909c70"
"5cf19221-c708-478f-8055-1b81fa9cbeb5",2026-02-15,"50efcc09-71be-4f69-88e7-5633e66dacfe","86c7725c-d178-4ad7-baba-d24943fd7e25","12:00:00","22:00:00",BT,false,,,2026-03-08 19:20:38.167 -0500,false,"2026-02-09|ai|b7909c70"
"44dd8edd-ccc2-46df-9472-e0ec2a30893b",2026-02-15,"33374754-520b-41b4-8b57-ba007a091706",c4fcf133-e25f-4e19-80cb-b388c73f4555,"11:00:00","21:00:00",BT,false,,,2026-03-08 19:20:38.368 -0500,false,"2026-02-09|ai|b7909c70"
cf0b7721-1814-4066-8a4a-2a6a9c8660ab,2026-02-15,"99fc5460-5e2f-46bc-9b30-1de3b467cfae","6340cf89-ae26-4bcd-ba6f-7a2383a66875","12:00:00","16:00:00",BT,false,,,2026-03-08 19:20:38.539 -0500,false,"2026-02-09|ai|b7909c70"
"721af424-48b6-41b2-95f8-63cf92bbcc12",2026-02-15,"99fc5460-5e2f-46bc-9b30-1de3b467cfae","6340cf89-ae26-4bcd-ba6f-7a2383a66875","19:00:00","23:59:00",C,false,,,2026-03-08 19:20:38.710 -0500,false,"2026-02-09|ai|b7909c70"
"542b4dad-3e71-43a2-a94d-ffa4d282c421",2026-02-15,ba53e5c3-a59e-4e02-8dec-7c22e8993192,"6340cf89-ae26-4bcd-ba6f-7a2383a66875","20:00:00","23:00:00",BT,false,,,2026-03-08 19:20:38.881 -0500,false,"2026-02-09|ai|b7909c70"
de29b232-d7c8-4473-ac1b-75b23e702a14,2026-02-15,b4849caf-ae46-4261-a3d5-15bbe53c0cd0,"6a19bfd7-2a96-4a47-a726-8ae6459fec02","12:00:00","22:00:00",BT,false,,,2026-03-08 19:20:39.053 -0500,false,"2026-02-09|ai|b7909c70"
ef24e91e-1dfc-44b3-9b7a-76ee4784d202,2026-02-15,"4f273de7-7bb0-4f6f-845b-75e20de0efb6",d5ef224c-056f-486e-bda1-e9eae70b0aae,"12:00:00","16:00:00",BT,false,,,2026-03-08 19:20:39.224 -0500,false,"2026-02-09|ai|b7909c70"
f9fc473b-5c7e-4581-b7c8-dd4695923dd7,2026-02-15,"4f273de7-7bb0-4f6f-845b-75e20de0efb6",d5ef224c-056f-486e-bda1-e9eae70b0aae,"20:00:00","23:59:00",C,false,,,2026-03-08 19:20:39.396 -0500,false,"2026-02-09|ai|b7909c70"
"56959011-b253-461c-9ae9-8ba536fe70de",2026-02-15,"2e1c161c-c3ef-4e9a-80d0-b2a286120178","18a09199-1887-4100-8f7f-033afad49d6d","10:30:00","11:00:00",C,false,,,2026-03-08 19:20:39.567 -0500,false,"2026-02-09|ai|b7909c70"
ce7818a5-ed50-4e56-b5c4-0c2b05219bbf,2026-02-15,"2e1c161c-c3ef-4e9a-80d0-b2a286120178","6340cf89-ae26-4bcd-ba6f-7a2383a66875","11:00:00","19:00:00",BT,false,,,2026-03-08 19:20:39.738 -0500,false,"2026-02-09|ai|b7909c70"
"9d498f76-81f5-43f1-916e-a058058269b5",2026-02-15,"936f48d1-0213-46ea-a9b0-45ac180989fa",d5ef224c-056f-486e-bda1-e9eae70b0aae,"13:00:00","18:00:00",BT,false,,,2026-03-08 19:20:39.909 -0500,false,"2026-02-09|ai|b7909c70"
d46b7f5e-68b2-4204-bd48-859ef49b0209,2026-02-15,e15fef2e-0564-45aa-b784-b47f47290620,"6340cf89-ae26-4bcd-ba6f-7a2383a66875","14:00:00","16:00:00",BT,false,,,2026-03-08 19:20:40.080 -0500,false,"2026-02-09|ai|b7909c70"
cf6b9f71-8ec0-4618-99fd-f27b4f7ac7c1,2026-02-15,e15fef2e-0564-45aa-b784-b47f47290620,"6340cf89-ae26-4bcd-ba6f-7a2383a66875","19:00:00","23:59:00",C,false,,,2026-03-08 19:20:40.252 -0500,false,"2026-02-09|ai|b7909c70"
